,City ,State ,Cert ,Acquiring Institution ,Fund,"Bank Name, City, State",Closing Date,Approx. Asset (Millions),Approx. Deposit (Millions),Bank Name,Country
0,Philadelphia,PA,27332,"Fulton Bank, National Association",10546,"Republic First Bank dba Republic Bank, Philadelphia, PA",26-Apr-24,"$6,000.00 ","$4,000.00 ",Republic First Bank dba Republic Bank,US
1,Sac City,IA,8758,Iowa Trust & Savings Bank,10545,"Citizens Bank, Sac City, IA",3-Nov-23,$66.00 ,$59.00 ,Citizens Bank,US
2,Elkhart,KS,25851,"Dream First Bank, N.A.",10544,"Heartland Tri-State Bank, Elkhart, KS",28-Jul-23,$139.00 ,$130.00 ,Heartland Tri-State Bank,US
3,San Francisco,CA,59017,"JPMorgan Chase Bank, N.A.",10543,"First Republic Bank, San Francisco, CA",1-May-23,"$229,100.00 ","$103,900.00 ",First Republic Bank,US
4,New York,NY,57053,"Flagstar Bank, N.A.",10540,"Signature Bank, New York, NY",12-Mar-23,"$110,400.00 ","$88,600.00 ",Signature Bank,US
5,Santa Clara,CA,24735,First–Citizens Bank & Trust Company,10539,"Silicon Valley Bank, Santa Clara, CA",10-Mar-23,"$209,000.00 ","$175,400.00 ",Silicon Valley Bank,US
6,Almena,KS,15426,Equity Bank,10538,"Almena State Bank, Almena, KS",23-Oct-20,$70.00 ,$68.70 ,Almena State Bank,US
7,Fort Walton Beach,FL,16748,"United Fidelity Bank, fsb",10537,"First City Bank of Florida, Fort Walton Beach, FL",16-Oct-20,$134.70 ,$131.40 ,First City Bank of Florida,US
8,Ericson,NE,18265,Farmers and Merchants Bank,10535,"Ericson State Bank, Ericson, NE",14-Feb-20,$100.90 ,$95.20 ,Ericson State Bank,US
9,Newark,NJ,21111,Industrial Bank,10534,"City National Bank of New Jersey, Newark, NJ",1-Nov-19,$120.60 ,$111.20 ,City National Bank of New Jersey,US
10,Maumee,OH,58317,Buckeye State Bank,10533,"Resolute Bank, Maumee, OH",25-Oct-19,$27.10 ,$26.20 ,Resolute Bank,US
11,Louisa,KY,58112,Kentucky Farmers Bank Corporation,10532,"Louisa Community Bank, Louisa, KY",25-Oct-19,$29.70 ,$26.50 ,Louisa Community Bank,US
12,Cooper,TX,10716,"Legend Bank, N. A.",10531,"The Enloe State Bank, Cooper, TX",31-May-19,$36.70 ,$31.30 ,The Enloe State Bank,US
13,Chicago,IL,30570,Royal Savings Bank,10530,"Washington Federal Bank for Savings, Chicago, IL",15-Dec-17,$166.30 ,$144.00 ,Washington Federal Bank for Savings,US
14,Argonia,KS,17719,Conway Bank,10529,"The Farmers and Merchants State Bank of Argonia, Argonia, KS",13-Oct-17,$34.20 ,$29.60 ,The Farmers and Merchants State Bank of Argonia,US
15,Saint Elmo,IL,1802,"United Fidelity Bank, fsb",10528,"Fayette County Bank, Saint Elmo, IL",26-May-17,$34.40 ,$34.00 ,Fayette County Bank,US
16,New Orleans,LA,58302,Whitney Bank,10526,"First NBC Bank, New Orleans, LA",28-Apr-17,"$4,740.00 ","$3,540.00 ",First NBC Bank,US
17,Cottonwood Heights,UT,35495,Cache Valley Bank,10525,"Proficio Bank, Cottonwood Heights, UT",3-Mar-17,$68.20 ,$65.00 ,Proficio Bank,US
18,Chicago,IL,19328,State Bank of Texas,10524,"Seaway Bank and Trust Company, Chicago, IL",27-Jan-17,$361.20 ,$307.10 ,Seaway Bank and Trust Company,US
19,Pennsville,NJ,34951,First-Citizens Bank & Trust Company,10523,"Harvest Community Bank, Pennsville, NJ",13-Jan-17,$126.40 ,$123.80 ,Harvest Community Bank,US
20,Mulberry,AR,91,Today's Bank,10522,"Allied Bank, Mulberry, AR",23-Sep-16,$66.30 ,$64.70 ,Allied Bank,US
21,Woodbury,GA,11297,United Bank,10521,"The Woodbury Banking Company, Woodbury, GA",19-Aug-16,$21.40 ,$21.10 ,The Woodbury Banking Company,US
22,King of Prussia,PA,35312,First-Citizens Bank & Trust Company,10520,"First CornerStone Bank, King of Prussia, PA",6-May-16,$103.30 ,$101.00 ,First CornerStone Bank,US
23,Memphis,TN,9956,The Bank of Fayette County,10519,"Trust Company Bank, Memphis, TN",29-Apr-16,$20.70 ,$20.30 ,Trust Company Bank,US
24,Milwaukee,WI,20364,First-Citizens Bank & Trust Company,10518,"North Milwaukee State Bank, Milwaukee, WI",11-Mar-16,$67.10 ,$61.50 ,North Milwaukee State Bank,US
25,Longview,WA,35156,Twin City Bank,10517,"Hometown National Bank, Longview, WA",2-Oct-15,$4.90 ,$4.70 ,Hometown National Bank,US
26,Peachtree City,GA,35259,Fidelity Bank,10516,"The Bank of Georgia, Peachtree City, GA",2-Oct-15,$294.20 ,$280.70 ,The Bank of Georgia,US
27,Denver,CO,34112,"United Fidelity Bank, fsb",10515,"Premier Bank, Denver, CO",10-Jul-15,$31.70 ,$29.60 ,Premier Bank,US
28,Chicago,IL,57772,Republic Bank of Chicago,10514,"Edgebrook Bank, Chicago, IL",8-May-15,$90.00 ,$90.00 ,Edgebrook Bank,US
29,San Juan,PR,32102,Banco Popular de Puerto Rico,10513,"Doral Bank, San Juan, PR",27-Feb-15,"$5,900.00 ","$4,100.00 ",Doral Bank,US
30,Atlanta,GA,33938,First-Citizens Bank & Trust Company,10512,"Capitol City Bank & Trust Company, Atlanta, GA",13-Feb-15,$272.30 ,$262.70 ,Capitol City Bank & Trust Company,US
31,Chicago,IL,20290,"United Fidelity Bank, fsb",10511,"Highland Community Bank, Chicago, IL",23-Jan-15,$54.70 ,$53.50 ,Highland Community Bank,US
32,Crestview,FL,17557,First NBC Bank,10510,"First National Bank of Crestview, Crestview, FL",16-Jan-15,$79.70 ,$78.60 ,First National Bank of Crestview,US
33,Mankato,MN,34983,BankVista,10509,"Northern Star Bank, Mankato, MN",19-Dec-14,$18.80 ,$18.20 ,Northern Star Bank,US
34,Chicago,IL,916,State Bank of Texas,10507,"The National Republic Bank of Chicago, Chicago, IL",24-Oct-14,$954.40 ,$915.30 ,The National Republic Bank of Chicago,US
35,Rising Sun,MD,4862,Howard Bank,10506,"NBRS Financial, Rising Sun, MD",17-Oct-14,$188.20 ,$183.10 ,NBRS Financial,US
36,Conyers,GA,58125,Community & Southern Bank,10504,"Eastside Commercial Bank, Conyers, GA",18-Jul-14,$169.00 ,$161.60 ,Eastside Commercial Bank,US
37,Freedom,OK,12483,Alva State Bank & Trust Company,10503,"The Freedom State Bank, Freedom, OK",27-Jun-14,$22.80 ,$20.90 ,The Freedom State Bank,US
38,Fort Lauderdale,FL,21793,"Landmark Bank, National Association",10501,"Valley Bank, Fort Lauderdale, FL",20-Jun-14,$81.80 ,$66.50 ,Valley Bank,US
39,Fort Lauderdale,FL,21793,"Landmark Bank, National Association",10501,"Valley Bank, Moline, IL",20-Jun-14,$456.40 ,$360.00 ,Valley Bank,US
40,Moline,IL,10450,Great Southern Bank,10502,"Valley Bank, Fort Lauderdale, FL",20-Jun-14,$81.80 ,$66.50 ,Valley Bank,US
41,Moline,IL,10450,Great Southern Bank,10502,"Valley Bank, Moline, IL",20-Jun-14,$456.40 ,$360.00 ,Valley Bank,US
42,Bel Air,MD,32368,"Bay Bank, FSB",10500,"Slavie Federal Savings Bank, Bel Air, MD",30-May-14,$140.10 ,$111.10 ,Slavie Federal Savings Bank,US
43,Cincinnati,OH,32284,"United Fidelity Bank, fsb",10499,"Columbia Savings Bank, Cincinnati, OH",23-May-14,$36.50 ,$29.50 ,Columbia Savings Bank,US
44,Berwyn,IL,57866,Republic Bank of Chicago,10498,"AztecAmerica Bank, Berwyn, IL",16-May-14,$66.30 ,$65.00 ,AztecAmerica Bank,US
45,Fairfax,SC,15062,Palmetto State Bank,10497,"Allendale County Bank, Fairfax, SC",25-Apr-14,$54.50 ,$51.00 ,Allendale County Bank,US
46,Horsham,PA,58531,First Choice Bank,10496,"Vantage Point Bank, Horsham, PA",28-Feb-14,$63.50 ,$62.50 ,Vantage Point Bank,US
47,Boise,ID,34296,Sunwest Bank,10494,"Syringa Bank, Boise, ID",31-Jan-14,$153.40 ,$145.10 ,Syringa Bank,US
48,El Reno,OK,17967,BancFirst,10493,"The Bank of Union, El Reno, OK",24-Jan-14,$331.40 ,$328.80 ,The Bank of Union,US
49,West Chicago,IL,5732,Republic Bank of Chicago,10492,"DuPage National Bank, West Chicago, IL",17-Jan-14,$61.70 ,$59.60 ,DuPage National Bank,US
50,Graceville,FL,14794,First Federal Bank of Florida,10490,"Bank of Jackson County, Graceville, FL",30-Oct-13,$25.50 ,$25.00 ,Bank of Jackson County,US
51,Bridgeport,CT,57041,No Acquirer,10489,"The Community's Bank, Bridgeport, CT",13-Sep-13,$26.30 ,$25.70 ,The Community's Bank,US
52,Phoenix,AZ,34707,"First Fidelity Bank, National Association",10487,"Sunrise Bank of Arizona, Phoenix, AZ",23-Aug-13,$202.20 ,$196.90 ,Sunrise Bank of Arizona,US
53,Parsons,TN,19849,"CB&S Bank, Inc.",10486,"Community South Bank, Parsons, TN",23-Aug-13,$386.90 ,$377.70 ,Community South Bank,US
54,Wausau,WI,35016,Nicolet National Bank,10485,"Bank of Wausau, Wausau, WI",9-Aug-13,$43.60 ,$40.70 ,Bank of Wausau,US
55,Sevierville,TN,34789,"First Tennessee Bank, National Association",10483,"Mountain National Bank, Sevierville, TN",7-Jun-13,$437.30 ,$373.40 ,Mountain National Bank,US
56,North Las Vegas,NV,58358,Plaza Bank,10482,"1st Commerce Bank, North Las Vegas, NV",6-Jun-13,$20.20 ,$19.60 ,1st Commerce Bank,US
57,Scottsdale,AZ,34527,Western State Bank,10479,"Central Arizona Bank, Scottsdale, AZ",14-May-13,$31.60 ,$30.80 ,Central Arizona Bank,US
58,Valdosta,GA,58185,Synovus Bank,10481,"Sunrise Bank, Valdosta, GA",10-May-13,$60.80 ,$57.80 ,Sunrise Bank,US
59,Asheville,NC,58701,"Capital Bank, N.A.",10480,"Pisgah Community Bank, Asheville, NC",10-May-13,$21.90 ,$21.20 ,Pisgah Community Bank,US
60,Douglasville,GA,21649,Hamilton State Bank,10476,"Douglas County Bank, Douglasville, GA",26-Apr-13,$316.50 ,$314.30 ,Douglas County Bank,US
61,Lenoir,NC,57158,"CertusBank, National Association",10477,"Parkway Bank, Lenoir, NC",26-Apr-13,$108.60 ,$103.70 ,Parkway Bank,US
62,Marianna,FL,58034,First Federal Bank of Florida,10473,"Chipola Community Bank, Marianna, FL",19-Apr-13,$39.20 ,$37.60 ,Chipola Community Bank,US
63,Orange Park,FL,26680,FirstAtlantic Bank,10475,"Heritage Bank of North Florida, Orange Park, FL",19-Apr-13,$110.90 ,$108.50 ,Heritage Bank of North Florida,US
64,Lexington,KY,29594,Your Community Bank,10474,"First Federal Bank, Lexington, KY",19-Apr-13,$100.10 ,$93.90 ,First Federal Bank,US
65,Gold Canyon,AZ,58066,"First Scottsdale Bank, National Association",10472,"Gold Canyon Bank, Gold Canyon, AZ",5-Apr-13,$45.20 ,$44.20 ,Gold Canyon Bank,US
66,LaGrange,GA,16431,HeritageBank of the South,10471,"Frontier Bank, LaGrange, GA",8-Mar-13,$258.80 ,$224.10 ,Frontier Bank,US
67,Chicago,IL,22476,Liberty Bank and Trust Company,10470,"Covenant Bank, Chicago, IL",15-Feb-13,$58.40 ,$54.20 ,Covenant Bank,US
68,Andover,MN,57157,First Minnesota Bank,10469,"1st Regents Bank, Andover, MN",18-Jan-13,$50.20 ,$49.10 ,1st Regents Bank,US
69,University Place,WA,33997,Sunwest Bank,10468,"Westside Community Bank, University Place, WA",11-Jan-13,$97.70 ,$96.50 ,Westside Community Bank,US
70,Sunrise Beach,MO,27331,Bank of Sullivan,10467,"Community Bank of the Ozarks, Sunrise Beach, MO",14-Dec-12,$42.80 ,$41.90 ,Community Bank of the Ozarks,US
71,Braselton,GA,57928,"CertusBank, National Association",10466,"Hometown Community Bank, Braselton, GA",16-Nov-12,$124.60 ,$108.90 ,Hometown Community Bank,US
72,Princeton,IL,3731,Heartland Bank and Trust Company,10464,"Citizens First National Bank, Princeton, IL",2-Nov-12,$924.00 ,$869.40 ,Citizens First National Bank,US
73,Lutz,FL,35009,Centennial Bank,10465,"Heritage Bank of Florida, Lutz, FL",2-Nov-12,$225.50 ,$223.30 ,Heritage Bank of Florida,US
74,Berwyn,PA,27148,No Acquirer,10463,"NOVA Bank, Berwyn, PA",26-Oct-12,$483.00 ,$432.20 ,NOVA Bank,US
75,Sedalia,MO,19189,Simmons First National Bank,10460,"Excel Bank, Sedalia, MO",19-Oct-12,$200.60 ,$187.40 ,Excel Bank,US
76,Tamarac,FL,28144,Stearns Bank N.A.,10461,"First East Side Savings Bank, Tamarac, FL",19-Oct-12,$67.20 ,$65.90 ,First East Side Savings Bank,US
77,Destin,FL,58073,SmartBank,10462,"GulfSouth Private Bank, Destin, FL",19-Oct-12,$159.10 ,$151.10 ,GulfSouth Private Bank,US
78,Crete,IL,20685,"Old Plank Trail Community Bank, National Association",10459,"First United Bank, Crete, IL",28-Sep-12,$328.40 ,$316.90 ,First United Bank,US
79,St. Louis,MO,27316,Simmons First National Bank,10458,"Truman Bank, Saint Louis, MO",14-Sep-12,$282.30 ,$245.70 ,Truman Bank,US
80,Bloomington,MN,35246,Republic Bank & Trust Company,10457,"First Commercial Bank, Bloomington, MN",7-Sep-12,$215.90 ,$206.80 ,First Commercial Bank,US
81,Waukegan,IL,28243,First Midwest Bank,10456,"Waukegan Savings Bank, Waukegan, IL",3-Aug-12,$88.90 ,$77.50 ,Waukegan Savings Bank,US
82,Jasper,GA,16240,Stearns Bank N.A.,10455,"Jasper Banking Company, Jasper, GA",27-Jul-12,$216.70 ,$213.10 ,Jasper Banking Company,US
83,Chicago,IL,27986,Hinsdale Bank & Trust Company,10453,"Second Federal Savings and Loan Association of Chicago, Chicago, IL",20-Jul-12,$199.10 ,$175.90 ,Second Federal Savings and Loan Association of Chicago,US
84,Leawood,KS,1361,Metcalf Bank,10452,"Heartland Bank, Leawood, KS",20-Jul-12,$110.00 ,$102.60 ,Heartland Bank,US
85,Woodstock,GA,32711,Community & Southern Bank,10450,"First Cherokee State Bank, Woodstock, GA",20-Jul-12,$222.70 ,$193.30 ,First Cherokee State Bank,US
86,Buford,GA,57847,Community & Southern Bank,10451,"Georgia Trust Bank, Buford, GA",20-Jul-12,$119.80 ,$117.40 ,Georgia Trust Bank,US
87,Naples,FL,57096,First National Bank of the Gulf Coast,10454,"The Royal Palm Bank of Florida, Naples, FL",20-Jul-12,$87.00 ,$85.10 ,The Royal Palm Bank of Florida,US
88,Glasgow,MO,1056,Regional Missouri Bank,10449,"Glasgow Savings Bank, Glasgow, MO",13-Jul-12,$24.80 ,$24.20 ,Glasgow Savings Bank,US
89,Ailey,GA,19498,Ameris Bank,10448,"Montgomery Bank & Trust, Ailey, GA",6-Jul-12,$173.60 ,$164.40 ,Montgomery Bank & Trust,US
90,Lynchburg,TN,1690,Clayton Bank and Trust,10447,"The Farmers Bank of Lynchburg, Lynchburg, TN",15-Jun-12,$163.90 ,$156.40 ,The Farmers Bank of Lynchburg,US
91,Marietta,GA,35299,Fidelity Bank,10446,"Security Exchange Bank, Marietta, GA",15-Jun-12,$151.00 ,$147.90 ,Security Exchange Bank,US
92,Palatka,FL,27405,Harbor Community Bank,10445,"Putnam State Bank, Palatka, FL",15-Jun-12,$169.50 ,$160.00 ,Putnam State Bank,US
93,Whiteville,NC,34515,First Community Bank,10444,"Waccamaw Bank, Whiteville, NC",8-Jun-12,$533.10 ,$472.70 ,Waccamaw Bank,US
94,Charleston,SC,35372,Bank of North Carolina,10441,"Carolina Federal Savings Bank, Charleston, SC",8-Jun-12,$54.40 ,$53.10 ,Carolina Federal Savings Bank,US
95,Kingfisher,OK,416,F & M Bank,10443,"First Capital Bank, Kingfisher, OK",8-Jun-12,$46.10 ,$44.80 ,First Capital Bank,US
96,Palm Desert,CA,23632,Pacific Premier Bank,10437,"Palm Desert National Bank, Palm Desert, CA",27-Apr-12,$125.80 ,$122.80 ,Palm Desert National Bank,US
97,Pawleys Island,SC,32503,First Federal Bank,10438,"Plantation Federal Bank, Pawleys Island, SC",27-Apr-12,$486.40 ,$440.50 ,Plantation Federal Bank,US
98,Gaithersburg,MD,57766,Sonabank,10435,"HarVest Bank of Maryland, Gaithersburg, MD",27-Apr-12,$164.30 ,$145.50 ,HarVest Bank of Maryland,US
99,Cambridge,MD,26759,No Acquirer,10434,"Bank of the Eastern Shore, Cambridge, MD",27-Apr-12,$166.70 ,$154.50 ,Bank of the Eastern Shore,US
100,Dearborn,MI,33883,The Huntington National Bank,10432,"Fidelity Bank, Dearborn, MI",30-Mar-12,$818.20 ,$747.60 ,Fidelity Bank,US
101,Wilmette,IL,35419,International Bank of Chicago,10431,"Premier Bank, Wilmette, IL",23-Mar-12,$268.70 ,$199.00 ,Premier Bank,US
102,Rock Spring,GA,58068,"Stearns Bank, N.A.",10430,"Covenant Bank & Trust, Rock Spring, GA",23-Mar-12,$95.70 ,$90.60 ,Covenant Bank & Trust,US
103,Chicago,IL,57597,No Acquirer,10429,"New City Bank, Chicago, IL",9-Mar-12,$71.20 ,$72.40 ,New City Bank,US
104,Doraville,GA,34046,Metro City Bank,10428,"Global Commerce Bank, Doraville, GA",2-Mar-12,$143.70 ,$116.80 ,Global Commerce Bank,US
105,Little Falls,MN,29178,No Acquirer,10427,"Home Savings of America, Little Falls, MN",24-Feb-12,$434.10 ,$432.20 ,Home Savings of America,US
106,Ellaville,GA,5687,Ameris Bank,10426,"Central Bank of Georgia, Ellaville, GA",24-Feb-12,$278.90 ,$266.60 ,Central Bank of Georgia,US
107,Shelbyville,IN,29761,"First Merchants Bank, National Association",10425,"SCB Bank, Shelbyville, IN",10-Feb-12,$182.60 ,$171.60 ,SCB Bank,US
108,Hoffman Estates,IL,23187,"Barrington Bank & Trust Company, National Association",10424,"Charter National Bank and Trust, Hoffman Estates, IL",10-Feb-12,$93.90 ,$89.50 ,Charter National Bank and Trust,US
109,Knoxville,TN,19869,"U.S. Bank, N.A.",10420,"BankEast, Knoxville, TN",27-Jan-12,$272.60 ,$268.80 ,BankEast,US
110,Forest Lake,MN,34823,First Resource Bank,10422,"Patriot Bank Minnesota, Forest Lake, MN",27-Jan-12,$111.30 ,$108.30 ,Patriot Bank Minnesota,US
111,Franklin,TN,35296,Republic Bank & Trust Company,10423,"Tennessee Commerce Bank, Franklin, TN",27-Jan-12,"$1,185.00 ","$1,156.00 ",Tennessee Commerce Bank,US
112,Jacksonville,FL,16579,"CenterState Bank of Florida, N.A.",10421,"First Guaranty Bank and Trust Company of Jacksonville, Jacksonville, FL",27-Jan-12,$377.90 ,$349.50 ,First Guaranty Bank and Trust Company of Jacksonville,US
113,Boothwyn,PA,31581,"Capital Bank, N.A.",10417,"American Eagle Savings Bank, Boothwyn, PA",20-Jan-12,$19.60 ,$17.70 ,American Eagle Savings Bank,US
114,Stockbridge,GA,19252,Hamilton State Bank,10419,"The First State Bank, Stockbridge, GA",20-Jan-12,$536.90 ,$527.50 ,The First State Bank,US
115,Belleview,FL,57186,"CenterState Bank of Florida, N.A.",10418,"Central Florida State Bank, Belleview, FL",20-Jan-12,$79.10 ,$77.70 ,Central Florida State Bank,US
116,Phoenix,AZ,57917,Washington Federal,10416,"Western National Bank, Phoenix, AZ",16-Dec-11,$162.90 ,$144.50 ,Western National Bank,US
117,Crestview,FL,58343,Summit Bank,10415,"Premier Community Bank of the Emerald Coast, Crestview, FL",16-Dec-11,$126.00 ,$112.10 ,Premier Community Bank of the Emerald Coast,US
118,Lacombe,LA,19657,First NBC Bank,10413,"Central Progressive Bank, Lacombe, LA",18-Nov-11,$383.10 ,$347.70 ,Central Progressive Bank,US
119,Johnston,IA,14194,Grinnell State Bank,10414,"Polk County Bank, Johnston, IA",18-Nov-11,$91.60 ,$82.00 ,Polk County Bank,US
120,Rockmart,GA,57860,Century Bank of Georgia,10412,"Community Bank of Rockmart, Rockmart, GA",10-Nov-11,$62.40 ,$55.90 ,Community Bank of Rockmart,US
121,Saint George,UT,57087,Cache Valley Bank,10411,"SunFirst Bank, Saint George, UT",4-Nov-11,$198.10 ,$169.10 ,SunFirst Bank,US
122,Des Plaines,IL,57759,International Bank of Chicago,10409,"All American Bank, Des Plaines, IL",28-Oct-11,$37.80 ,$33.40 ,All American Bank,US
123,Greenwood Village,CO,21132,"Bank Midwest, N.A.",10405,"Community Banks of Colorado, Greenwood Village, CO",21-Oct-11,"$1,380.00 ","$1,330.00 ",Community Banks of Colorado,US
124,Jonesboro,GA,57036,State Bank and Trust Company,10406,"Community Capital Bank, Jonesboro, GA",21-Oct-11,$181.20 ,$166.20 ,Community Capital Bank,US
125,Decatur,GA,34392,Fidelity Bank,10407,"Decatur First Bank, Decatur, GA",21-Oct-11,$191.50 ,$179.20 ,Decatur First Bank,US
126,Clearwater,FL,57537,1st United Bank,10408,"Old Harbor Bank, Clearwater, FL",21-Oct-11,$215.90 ,$217.80 ,Old Harbor Bank,US
127,Aledo,IL,35395,Blackhawk Bank & Trust,10402,"Country Bank, Aledo, IL",14-Oct-11,$190.60 ,$167.50 ,Country Bank,US
128,Cranford,NJ,58046,Northfield Bank,10403,"First State Bank, Cranford, NJ",14-Oct-11,$204.40 ,$201.20 ,First State Bank,US
129,Gray,GA,57256,State Bank and Trust Company,10404,"Piedmont Community Bank, Gray, GA",14-Oct-11,$201.70 ,$181.40 ,Piedmont Community Bank,US
130,Ellington,MO,20115,Great Southern Bank,10400,"Sun Security Bank, Ellington, MO",7-Oct-11,$355.90 ,$290.40 ,Sun Security Bank,US
131,Wyoming,MN,10216,Central Bank,10399,"The RiverBank, Wyoming, MN",7-Oct-11,$417.40 ,$379.30 ,The RiverBank,US
132,Plano,TX,33513,American First National Bank,10398,"First International Bank, Plano, TX",30-Sep-11,$239.90 ,$208.80 ,First International Bank,US
133,Nevada City,CA,33983,Tri Counties Bank,10397,"Citizens Bank of Northern California, Nevada City, CA",23-Sep-11,$288.80 ,$253.10 ,Citizens Bank of Northern California,US
134,Norfolk,VA,20408,Southern Bank and Trust Company,10396,"Bank of the Commonwealth, Norfolk, VA",23-Sep-11,$985.10 ,$901.80 ,Bank of the Commonwealth,US
135,Woodstock,GA,58226,Georgia Commerce Bank,10393,"CreekSide Bank, Woodstock, GA",2-Sep-11,$102.30 ,$96.60 ,CreekSide Bank,US
136,Cumming,GA,58273,Georgia Commerce Bank,10394,"Patriot Bank of Georgia, Cumming, GA",2-Sep-11,$150.80 ,$111.20 ,Patriot Bank of Georgia,US
137,Geneva,IL,57212,Inland Bank & Trust,10390,"First Choice Bank, Geneva, IL",19-Aug-11,$141.00 ,$137.20 ,First Choice Bank,US
138,Statesboro,GA,57239,Heritage Bank of the South,10391,"First Southern National Bank, Statesboro, GA",19-Aug-11,$164.60 ,$159.70 ,First Southern National Bank,US
139,Palm Beach,FL,35356,"Sabadell United Bank, N.A.",10392,"Lydian Private Bank, Palm Beach, FL",19-Aug-11,"$1,700.00 ","$1,240.00 ",Lydian Private Bank,US
140,Huntingdon Valley,PA,34130,"Capital Bank, N.A.",10389,"Public Savings Bank, Huntingdon Valley, PA",18-Aug-11,$46.80 ,$45.80 ,Public Savings Bank,US
141,Olathe,KS,4744,Enterprise Bank & Trust,10388,"The First National Bank of Olathe, Olathe, KS",12-Aug-11,$538.10 ,$524.30 ,The First National Bank of Olathe,US
142,Colfax,WA,22528,Columbia State Bank,10387,"Bank of Whitman, Colfax, WA",5-Aug-11,$548.60 ,$515.70 ,Bank of Whitman,US
143,Shorewood,IL,22637,Heartland Bank and Trust Company,10386,"Bank of Shorewood, Shorewood, IL",5-Aug-11,$110.70 ,$104.00 ,Bank of Shorewood,US
144,Evansville,IN,4392,Old National Bank,10384,"Integra Bank National Association, Evansville, IN",29-Jul-11,"$2,200.00 ","$1,900.00 ",Integra Bank National Association,US
145,Richmond,VA,58283,Xenith Bank,10385,"Virginia Business Bank, Richmond, VA",29-Jul-11,$95.80 ,$85.00 ,Virginia Business Bank,US
146,Greeley,CO,2994,"Bank Midwest, N.A.",10380,"Bank of Choice, Greeley, CO",22-Jul-11,"$1,070.00 ",$924.90 ,Bank of Choice,US
147,Sarasota,FL,35244,American Momentum Bank,10381,"LandMark Bank of Florida, Sarasota, FL",22-Jul-11,$275.00 ,$246.70 ,LandMark Bank of Florida,US
148,Apollo Beach,FL,58056,American Momentum Bank,10382,"Southshore Community Bank, Apollo Beach, FL",22-Jul-11,$46.30 ,$45.30 ,Southshore Community Bank,US
149,Prescott,AZ,57442,The Foothills Bank,10379,"Summit Bank, Prescott, AZ",15-Jul-11,$72.00 ,$66.40 ,Summit Bank,US
150,Port St. Lucie,FL,34870,"Premier American Bank, N.A.",10376,"First Peoples Bank, Port St. Lucie, FL",15-Jul-11,$228.30 ,$209.70 ,First Peoples Bank,US
151,Stockbridge,GA,19554,Ameris Bank,10377,"High Trust Bank, Stockbridge, GA",15-Jul-11,$192.50 ,$189.50 ,High Trust Bank,US
152,Atlanta,GA,58238,Ameris Bank,10378,"One Georgia Bank, Atlanta, GA",15-Jul-11,$186.30 ,$162.10 ,One Georgia Bank,US
153,Windsor,CO,57835,Points West Community Bank,10375,"Signature Bank, Windsor, CO",8-Jul-11,$66.70 ,$64.50 ,Signature Bank,US
154,Castle Rock,CO,34522,First-Citizens Bank & Trust Company,10373,"Colorado Capital Bank, Castle Rock, CO",8-Jul-11,$717.50 ,$672.80 ,Colorado Capital Bank,US
155,Chicago,IL,27935,Northbrook Bank & Trust Company,10374,"First Chicago Bank & Trust, Chicago, IL",8-Jul-11,$959.30 ,$887.50 ,First Chicago Bank & Trust,US
156,Clayton,GA,57593,First American Bank and Trust Company,10372,"Mountain Heritage Bank, Clayton, GA",24-Jun-11,$103.70 ,$89.60 ,Mountain Heritage Bank,US
157,Tampa,FL,27583,Stonegate Bank,10370,"First Commercial Bank of Tampa Bay, Tampa, FL",17-Jun-11,$98.60 ,$92.60 ,First Commercial Bank of Tampa Bay,US
158,Jackson,GA,19237,Hamilton State Bank,10371,"McIntosh State Bank, Jackson, GA",17-Jun-11,$339.90 ,$324.40 ,McIntosh State Bank,US
159,Charleston,SC,58420,"First Citizens Bank and Trust Company, Inc.",10369,"Atlantic Bank and Trust, Charleston, SC",3-Jun-11,$208.20 ,$191.60 ,Atlantic Bank and Trust,US
160,Snohomish,WA,23626,Columbia State Bank,10368,"First Heritage Bank, Snohomish, WA",27-May-11,$173.50 ,$163.30 ,First Heritage Bank,US
161,Burlington,WA,513,Columbia State Bank,10367,"Summit Bank, Burlington, WA",20-May-11,$142.70 ,$131.60 ,Summit Bank,US
162,Franklin,GA,57647,"CertusBank, National Association",10366,"First Georgia Banking Company, Franklin, GA",20-May-11,$731.00 ,$702.20 ,First Georgia Banking Company,US
163,Macon,GA,57213,"CertusBank, National Association",10365,"Atlantic Southern Bank, Macon, GA",20-May-11,$741.90 ,$707.60 ,Atlantic Southern Bank,US
164,Cocoa Beach,FL,34898,"Florida Community Bank, a division of Premier American Bank, N.A.",10364,"Coastal Bank, Cocoa Beach, FL",6-May-11,$129.40 ,$123.90 ,Coastal Bank,US
165,Mount Clemens,MI,34234,Talmer Bank & Trust,10359,"Community Central Bank, Mount Clemens, MI",29-Apr-11,$476.30 ,$385.40 ,Community Central Bank,US
166,Valdosta,GA,19797,Bank of the Ozarks,10363,"The Park Avenue Bank, Valdosta, GA",29-Apr-11,$953.30 ,$827.70 ,The Park Avenue Bank,US
167,Dallas,GA,58539,Bank of the Ozarks,10361,"First Choice Community Bank, Dallas, GA",29-Apr-11,$308.50 ,$310.00 ,First Choice Community Bank,US
168,Brooksville,FL,57625,"Florida Community Bank, a division of Premier American Bank, N.A.",10360,"Cortez Community Bank, Brooksville, FL",29-Apr-11,$70.90 ,$61.40 ,Cortez Community Bank,US
169,Winter Park,FL,26297,"Florida Community Bank, a division of Premier American Bank, N.A.",10362,"First National Bank of Central Florida, Winter Park, FL",29-Apr-11,$352.00 ,$312.10 ,First National Bank of Central Florida,US
170,Carthage,MS,14273,Trustmark National Bank,10354,"Heritage Banking Group, Carthage, MS",15-Apr-11,$224.00 ,$196.20 ,Heritage Banking Group,US
171,Rosemount,MN,24099,Central Bank,10357,"Rosemount National Bank, Rosemount, MN",15-Apr-11,$37.60 ,$36.60 ,Rosemount National Bank,US
172,Birmingham,AL,17750,"Superior Bank, National Association",10358,"Superior Bank, Birmingham, AL",15-Apr-11,"$3,000.00 ","$2,700.00 ",Superior Bank,US
173,Birmingham,AL,19794,AloStar Bank of Commerce,10356,"Nexity Bank, Birmingham, AL",15-Apr-11,$793.70 ,$637.80 ,Nexity Bank,US
174,East Ellijay,GA,57705,Citizens South Bank,10355,"New Horizons Bank, East Ellijay, GA",15-Apr-11,$110.70 ,$106.10 ,New Horizons Bank,US
175,Cartersville,GA,21495,Hamilton State Bank,10353,"Bartow County Bank, Cartersville, GA",15-Apr-11,$330.20 ,$304.10 ,Bartow County Bank,US
176,Las Vegas,NV,35418,City National Bank,10351,"Nevada Commerce Bank, Las Vegas, NV",8-Apr-11,$144.90 ,$136.40 ,Nevada Commerce Bank,US
177,Western Springs,IL,10086,Heartland Bank and Trust Company,10352,"Western Springs National Bank and Trust, Western Springs, IL",8-Apr-11,$186.80 ,$181.90 ,Western Springs National Bank and Trust,US
178,Wood Dale,IL,34292,Advantage National Bank Group,10350,"The Bank of Commerce, Wood Dale, IL",25-Mar-11,$163.10 ,$161.40 ,The Bank of Commerce,US
179,Milwaukee,WI,34818,Seaway Bank and Trust Company,10348,"Legacy Bank, Milwaukee, WI",11-Mar-11,$190.40 ,$183.30 ,Legacy Bank,US
180,St. Charles,IL,34187,First State Bank,10347,"Valley Community Bank, St. Charles, IL",25-Feb-11,$123.80 ,$124.20 ,Valley Community Bank,US
181,Napa,CA,57855,Bank of Marin,10343,"Charter Oak Bank, Napa, CA",18-Feb-11,$120.80 ,$105.30 ,Charter Oak Bank,US
182,Springfield,GA,34601,Heritage Bank of the South,10344,"Citizens Bank of Effingham, Springfield, GA",18-Feb-11,$214.30 ,$206.50 ,Citizens Bank of Effingham,US
183,Clarkesville,GA,151,SCBT National Association,10345,"Habersham Bank, Clarkesville, GA",18-Feb-11,$387.60 ,$339.90 ,Habersham Bank,US
184,Palm Springs,CA,34692,Pacific Premier Bank,10340,"Canyon National Bank, Palm Springs, CA",11-Feb-11,$210.90 ,$205.30 ,Canyon National Bank,US
185,Cassville,WI,13272,Royal Bank,10339,"Badger State Bank, Cassville, WI",11-Feb-11,$83.80 ,$78.50 ,Badger State Bank,US
186,Hamtramck,MI,14939,First Michigan Bank,10341,"Peoples State Bank, Hamtramck, MI",11-Feb-11,$390.50 ,$389.90 ,Peoples State Bank,US
187,Port Orange,FL,35478,"Premier American Bank, N.A.",10342,"Sunshine State Community Bank, Port Orange, FL",11-Feb-11,$125.50 ,$116.70 ,Sunshine State Community Bank,US
188,Watkinsville,GA,35242,BankSouth,10338,"North Georgia Bank, Watkinsville, GA",4-Feb-11,$153.20 ,$139.70 ,North Georgia Bank,US
189,Roswell,GA,57432,Renasant Bank,10336,"American Trust Bank, Roswell, GA",4-Feb-11,$238.20 ,$222.20 ,American Trust Bank,US
190,Taos,NM,12261,"U.S. Bank, N.A.",10333,"First Community Bank, Taos, NM",28-Jan-11,"$2,310.00 ","$1,940.00 ",First Community Bank,US
191,Louisville,CO,57646,No Acquirer,10334,"FirsTier Bank, Louisville, CO",28-Jan-11,$781.50 ,$722.80 ,FirsTier Bank,US
192,Stoughton,WI,5328,McFarland State Bank,10332,"Evergreen State Bank, Stoughton, WI",28-Jan-11,$246.50 ,$195.20 ,Evergreen State Bank,US
193,Camargo,OK,2303,Bank 7,10335,"The First State Bank, Camargo, OK",28-Jan-11,$43.50 ,$40.30 ,The First State Bank,US
194,Denver,CO,31293,First-Citizens Bank & Trust Company,10331,"United Western Bank, Denver, CO",21-Jan-11,"$2,050.00 ","$1,650.00 ",United Western Bank,US
195,Asheville,NC,34516,First Bank,10330,"The Bank of Asheville, Asheville, NC",21-Jan-11,$195.10 ,$188.30 ,The Bank of Asheville,US
196,McDonough,GA,19758,No Acquirer,10329,"Enterprise Banking Company, McDonough, GA",21-Jan-11,$100.90 ,$95.50 ,Enterprise Banking Company,US
197,Brunswick,GA,57440,Bank of the Ozarks,10327,"Oglethorpe Bank, Brunswick, GA",14-Jan-11,$230.60 ,$212.70 ,Oglethorpe Bank,US
198,Scottsdale,AZ,57820,Enterprise Bank & Trust,10326,"Legacy Bank, Scottsdale, AZ",7-Jan-11,$150.60 ,$125.90 ,Legacy Bank,US
199,Orlando,FL,34965,First Southern Bank,10325,"First Commercial Bank of Florida, Orlando, FL",7-Jan-11,$598.50 ,$529.60 ,First Commercial Bank of Florida,US
200,Lino Lakes,MN,23306,Farmers & Merchants Savings Bank,10321,"Community National Bank, Lino Lakes, MN",17-Dec-10,$31.60 ,$28.80 ,Community National Bank,US
201,Batesville,AR,58052,Southern Bank,10322,"First Southern Bank, Batesville, AR",17-Dec-10,$191.80 ,$155.80 ,First Southern Bank,US
202,Dawsonville,GA,34578,Bank of the Ozarks,10320,"Chestatee State Bank, Dawsonville, GA",17-Dec-10,$244.40 ,$240.50 ,Chestatee State Bank,US
203,Southampton,PA,35561,Polonia Bank,10317,"Earthstar Bank, Southampton, PA",10-Dec-10,$112.60 ,$104.50 ,Earthstar Bank,US
204,Farmington Hills,MI,34673,Level One Bank,10318,"Paramount Bank, Farmington Hills, MI",10-Dec-10,$252.70 ,$213.60 ,Paramount Bank,US
205,Burlington,WI,5287,First Michigan Bank,10315,"First Banking Center, Burlington, WI",19-Nov-10,$750.70 ,$664.80 ,First Banking Center,US
206,Bala Cynwyd,PA,35078,VIST Bank,10314,"Allegiance Bank of North America, Bala Cynwyd, PA",19-Nov-10,$106.60 ,$92.00 ,Allegiance Bank of North America,US
207,Carrabelle,FL,20340,Centennial Bank,10316,"Gulf State Community Bank, Carrabelle, FL",19-Nov-10,$112.10 ,$112.20 ,Gulf State Community Bank,US
208,Scottsdale,AZ,35463,"Stearns Bank, N.A.",10311,"Copper Star Bank, Scottsdale, AZ",12-Nov-10,$204.00 ,$190.20 ,Copper Star Bank,US
209,Vidalia,GA,14580,Ameris Bank,10312,"Darby Bank & Trust Co., Vidalia, GA",12-Nov-10,$654.70 ,$587.60 ,Darby Bank & Trust Co.,US
210,Tifton,GA,57831,Ameris Bank,10313,"Tifton Banking Company, Tifton, GA",12-Nov-10,$143.70 ,$141.60 ,Tifton Banking Company,US
211,Westminster,CA,57885,Grandpoint Bank,10307,"First Vietnamese American Bank, Westminster, CA",5-Nov-10,$48.00 ,$47.00 ,First Vietnamese American Bank,US
212,Tacoma,WA,34411,Heritage Bank,10309,"Pierce Commercial Bank, Tacoma, WA",5-Nov-10,$221.10 ,$193.50 ,Pierce Commercial Bank,US
213,Woodland Hills,CA,58087,First California Bank,10310,"Western Commercial Bank, Woodland Hills, CA",5-Nov-10,$98.60 ,$101.10 ,Western Commercial Bank,US
214,Randallstown,MD,31263,Manufacturers and Traders Trust Company (M&T Bank),10308,"K Bank, Randallstown, MD",5-Nov-10,$538.30 ,$500.10 ,K Bank,US
215,Overland Park,KS,22173,"Hillcrest Bank, N.A.",10302,"Hillcrest Bank, Overland Park, KS",22-Oct-10,"$1,650.00 ","$1,540.00 ",Hillcrest Bank,US
216,Maywood,IL,16089,Seaway Bank and Trust Company,10301,"First Suburban National Bank, Maywood, IL",22-Oct-10,$148.70 ,$140.00 ,First Suburban National Bank,US
217,Barnesville,GA,2119,United Bank,10304,"The First National Bank of Barnesville, Barnesville, GA",22-Oct-10,$131.40 ,$127.10 ,The First National Bank of Barnesville,US
218,Gordon,GA,33904,Morris Bank,10305,"The Gordon Bank, Gordon, GA",22-Oct-10,$29.40 ,$26.70 ,The Gordon Bank,US
219,Tampa,FL,32251,Bay Cities Bank,10303,"Progress Bank of Florida, Tampa, FL",22-Oct-10,$110.70 ,$101.30 ,Progress Bank of Florida,US
220,Jacksonville,FL,27573,Ameris Bank,10300,"First Bank of Jacksonville, Jacksonville, FL",22-Oct-10,$81.00 ,$77.30 ,First Bank of Jacksonville,US
221,Jefferson City,MO,34016,Providence Bank,10297,"Premier Bank, Jefferson City, MO",15-Oct-10,"$1,180.00 ","$1,030.00 ",Premier Bank,US
222,Chesterfield,MO,58205,Midland States Bank,10299,"WestBridge Bank and Trust Company, Chesterfield, MO",15-Oct-10,$91.50 ,$72.50 ,WestBridge Bank and Trust Company,US
223,Shoreline,WA,35250,GBC International Bank,10295,"Shoreline Bank, Shoreline, WA",1-Oct-10,$104.20 ,$100.20 ,Shoreline Bank,US
224,Crawfordville,FL,21777,Centennial Bank,10296,"Wakulla Bank, Crawfordville, FL",1-Oct-10,$424.10 ,$386.30 ,Wakulla Bank,US
225,Arlington,WA,35053,Whidbey Island Bank,10294,"North County Bank, Arlington, WA",24-Sep-10,$288.80 ,$276.10 ,North County Bank,US
226,Ponte Vedra Beach,FL,58308,First Southern Bank,10293,"Haven Trust Bank Florida, Ponte Vedra Beach, FL",24-Sep-10,$148.60 ,$133.60 ,Haven Trust Bank Florida,US
227,West Allis,WI,28612,"North Shore Bank, FSB",10291,"Maritime Savings Bank, West Allis, WI",17-Sep-10,$350.50 ,$248.10 ,Maritime Savings Bank,US
228,Milford,OH,27808,Foundation Bank,10288,"Bramble Savings Bank, Milford, OH",17-Sep-10,$47.50 ,$41.60 ,Bramble Savings Bank,US
229,Winder,GA,182,Community & Southern Bank,10292,"The Peoples Bank, Winder, GA",17-Sep-10,$447.20 ,$398.20 ,The Peoples Bank,US
230,Douglasville,GA,57448,Community & Southern Bank,10289,"First Commerce Community Bank, Douglasville, GA",17-Sep-10,$248.20 ,$242.80 ,First Commerce Community Bank,US
231,Ellijay,GA,58197,Community & Southern Bank,10287,"Bank of Ellijay, Ellijay, GA",17-Sep-10,$168.80 ,$160.70 ,Bank of Ellijay,US
232,Cherry Hill,NJ,57107,Customers Bank,10290,"ISN Bank, Cherry Hill, NJ",17-Sep-10,$81.60 ,$79.70 ,ISN Bank,US
233,Bradenton,FL,35061,Bank of the Ozarks,10286,"Horizon Bank, Bradenton, FL",10-Sep-10,$187.80 ,$164.60 ,Horizon Bank,US
234,Sonoma,CA,27259,Westamerica Bank,10285,"Sonoma Valley Bank, Sonoma, CA",20-Aug-10,$337.10 ,$255.50 ,Sonoma Valley Bank,US
235,Solvang,CA,32165,Pacific Western Bank,10282,"Los Padres Bank, Solvang, CA",20-Aug-10,$870.40 ,$770.70 ,Los Padres Bank,US
236,Chico,CA,33219,"Rabobank, N.A.",10278,"Butte Community Bank, Chico, CA",20-Aug-10,$498.80 ,$471.30 ,Butte Community Bank,US
237,Stockton,CA,27090,"Rabobank, N.A.",10283,"Pacific State Bank, Stockton, CA",20-Aug-10,$312.10 ,$278.80 ,Pacific State Bank,US
238,Chicago,IL,15640,Urban Partnership Bank,10284,"ShoreBank, Chicago, IL",20-Aug-10,"$2,160.00 ","$1,540.00 ",ShoreBank,US
239,Martinsville,VA,31623,"River Community Bank, N.A.",10280,"Imperial Savings and Loan Association, Martinsville, VA",20-Aug-10,$9.40 ,$10.10 ,Imperial Savings and Loan Association,US
240,Ocala,FL,27344,"CenterState Bank of Florida, N.A.",10281,"Independent National Bank, Ocala, FL",20-Aug-10,$156.20 ,$141.90 ,Independent National Bank,US
241,Bartow,FL,25266,"CenterState Bank of Florida, N.A.",10279,"Community National Bank at Bartow, Bartow, FL",20-Aug-10,$67.90 ,$63.70 ,Community National Bank at Bartow,US
242,Palos Heights,IL,17599,First Midwest Bank,10277,"Palos Bank and Trust Company, Palos Heights, IL",13-Aug-10,$493.40 ,$467.80 ,Palos Bank and Trust Company,US
243,Chicago,IL,34231,Northbrook Bank & Trust Company,10276,"Ravenswood Bank, Chicago, IL",6-Aug-10,$264.60 ,$269.50 ,Ravenswood Bank,US
244,Eugene,OR,31964,Home Federal Bank,10273,"LibertyBank, Eugene, OR",30-Jul-10,$768.20 ,$718.50 ,LibertyBank,US
245,Longview,WA,22643,Heritage Bank,10275,"The Cowlitz Bank, Longview, WA",30-Jul-10,$529.30 ,$513.90 ,The Cowlitz Bank,US
246,Panama City Beach,FL,9619,Centennial Bank,10272,"Coastal Community Bank, Panama City Beach, FL",30-Jul-10,$372.90 ,$363.20 ,Coastal Community Bank,US
247,Port Saint Joe,FL,57669,Centennial Bank,10271,"Bayside Savings Bank, Port Saint Joe, FL",30-Jul-10,$66.10 ,$52.40 ,Bayside Savings Bank,US
248,Cave Junction,OR,23181,South Valley Bank & Trust,10266,"Home Valley Bank, Cave Junction, OR",23-Jul-10,$251.80 ,$229.60 ,Home Valley Bank,US
249,Las Vegas,NV,35434,Plaza Bank,10267,"SouthwestUSA Bank, Las Vegas, NV",23-Jul-10,$214.00 ,$186.70 ,SouthwestUSA Bank,US
250,New Prague,MN,34486,Roundbank,10264,"Community Security Bank, New Prague, MN",23-Jul-10,$108.00 ,$99.70 ,Community Security Bank,US
251,Sylvan Grove,KS,10506,The Bennington State Bank,10269,"Thunder Bank, Sylvan Grove, KS",23-Jul-10,$32.60 ,$28.50 ,Thunder Bank,US
252,Kingstree,SC,17837,"First Citizens Bank and Trust Company, Inc.",10270,"Williamsburg First National Bank, Kingstree, SC",23-Jul-10,$139.30 ,$134.30 ,Williamsburg First National Bank,US
253,Jasper,GA,27559,Renasant Bank,10265,"Crescent Bank and Trust Company, Jasper, GA",23-Jul-10,"$1,010.00 ",$965.70 ,Crescent Bank and Trust Company,US
254,Lantana,FL,32536,IBERIABANK,10268,"Sterling Bank, Lantana, FL",23-Jul-10,$407.90 ,$372.40 ,Sterling Bank,US
255,Clewiston,FL,28864,"CenterState Bank of Florida, N.A.",10260,"Olde Cypress Community Bank, Clewiston, FL",16-Jul-10,$168.70 ,$162.40 ,Olde Cypress Community Bank,US
256,Aventura,FL,32280,NAFH National Bank,10261,"Turnberry Bank, Aventura, FL",16-Jul-10,$263.90 ,$196.90 ,Turnberry Bank,US
257,Miami,FL,25172,NAFH National Bank,10259,"Metro Bank of Dade County, Miami, FL",16-Jul-10,$442.30 ,$391.30 ,Metro Bank of Dade County,US
258,Spartanburg,SC,35383,NAFH National Bank,10263,"First National Bank of the South, Spartanburg, SC",16-Jul-10,$682.00 ,$610.10 ,First National Bank of the South,US
259,Bluffton,SC,32571,Bank of the Ozarks,10262,"Woodlands Bank, Bluffton, SC",16-Jul-10,$376.20 ,$355.30 ,Woodlands Bank,US
260,Blackwell,OK,11636,RCB Bank,10256,"Home National Bank, Blackwell, OK",9-Jul-10,$644.50 ,$560.70 ,Home National Bank,US
261,Port Chester,NY,58072,New Century Bank,10254,"USA Bank, Port Chester, NY",9-Jul-10,$193.30 ,$189.90 ,USA Bank,US
262,Baltimore,MD,32456,No Acquirer,10257,"Ideal Federal Savings Bank, Baltimore, MD",9-Jul-10,$6.30 ,$5.80 ,Ideal Federal Savings Bank,US
263,Baltimore,MD,35462,"Bay Bank, FSB",10255,"Bay National Bank, Baltimore, MD",9-Jul-10,$282.20 ,$276.10 ,Bay National Bank,US
264,Albuquerque,NM,35279,First American Bank,10252,"High Desert State Bank, Albuquerque, NM",25-Jun-10,$80.30 ,$81.00 ,High Desert State Bank,US
265,Savannah,GA,34152,"The Savannah Bank, N.A.",10251,"First National Bank, Savannah, GA",25-Jun-10,$252.50 ,$231.90 ,First National Bank,US
266,Englewood,FL,26563,"Premier American Bank, N.A.",10253,"Peninsula Bank, Englewood, FL",25-Jun-10,$644.30 ,$580.10 ,Peninsula Bank,US
267,Reno,NV,57110,Umpqua Bank,10250,"Nevada Security Bank, Reno, NV",18-Jun-10,$480.30 ,$479.80 ,Nevada Security Bank,US
268,Seattle,WA,32955,East West Bank,10249,"Washington First International Bank, Seattle, WA",11-Jun-10,$520.90 ,$441.40 ,Washington First International Bank,US
269,Lincoln,NE,29341,Great Western Bank,10248,"TierOne Bank, Lincoln, NE",4-Jun-10,"$2,800.00 ","$2,200.00 ",TierOne Bank,US
270,Arcola,IL,31813,No Acquirer,10246,"Arcola Homestead Savings Bank, Arcola, IL",4-Jun-10,$17.00 ,$18.10 ,Arcola Homestead Savings Bank,US
271,Rosedale,MS,15814,The Jefferson Bank,10247,"First National Bank, Rosedale, MS",4-Jun-10,$60.40 ,$63.50 ,First National Bank,US
272,Las Vegas,NV,34785,City National Bank,10245,"Sun West Bank, Las Vegas, NV",28-May-10,$360.70 ,$353.90 ,Sun West Bank,US
273,Naples,FL,35106,EverBank,10242,"Bank of Florida - Southwest, Naples, FL",28-May-10,$640.90 ,$559.90 ,Bank of Florida - Southwest,US
274,Fort Lauderdale,FL,57360,EverBank,10241,"Bank of Florida - Southeast, Fort Lauderdale, FL",28-May-10,$595.30 ,$531.70 ,Bank of Florida - Southeast,US
275,Saint Paul,MN,57735,Coulee Bank,10240,"Pinehurst Bank, St. Paul, MN",21-May-10,$61.20 ,$58.30 ,Pinehurst Bank,US
276,Elmwood Park,IL,18117,"FirstMerit Bank, N.A.",10236,"Midwest Bank and Trust Company, Elmwood Park, IL",14-May-10,"$3,170.00 ","$2,420.00 ",Midwest Bank and Trust Company,US
277,Springfield,MO,34255,Simmons First National Bank,10239,"Southwest Community Bank, Springfield, MO",14-May-10,$96.60 ,$102.50 ,Southwest Community Bank,US
278,Plymouth,MI,35586,Bank of Ann Arbor,10237,"New Liberty Bank, Plymouth, MI",14-May-10,$109.10 ,$101.80 ,New Liberty Bank,US
279,Saint Marys,GA,35114,Ameris Bank,10238,"Satilla Community Bank, Saint Marys, GA",14-May-10,$135.70 ,$134.00 ,Satilla Community Bank,US
280,San Diego,CA,35517,City National Bank,10232,"1st Pacific Bank of California, San Diego, CA",7-May-10,$335.80 ,$291.20 ,1st Pacific Bank of California,US
281,Mesa,AZ,57697,Commerce Bank of Arizona,10235,"Towne Bank of Arizona, Mesa, AZ",7-May-10,$120.20 ,$113.20 ,Towne Bank of Arizona,US
282,Champlin,MN,16476,PrinsBank,10233,"Access Bank, Champlin, MN",7-May-10,$32.00 ,$32.00 ,Access Bank,US
283,Bonifay,FL,14246,First Federal Bank of Florida,10234,"The Bank of Bonifay, Bonifay, FL",7-May-10,$242.90 ,$230.20 ,The Bank of Bonifay,US
284,Everett,WA,22710,"Union Bank, N.A.",10228,"Frontier Bank, Everett, WA",30-Apr-10,"$3,500.00 ","$3,130.00 ",Frontier Bank,US
285,Butler,MO,17792,Community First Bank,10225,"BC National Banks, Butler, MO",30-Apr-10,$67.20 ,$54.90 ,BC National Banks,US
286,Creve Coeur,MO,58362,BankLiberty,10227,"Champion Bank, Creve Coeur, MO",30-Apr-10,$187.30 ,$153.80 ,Champion Bank,US
287,Port Huron,MI,30005,First Michigan Bank,10226,"CF Bancorp, Port Huron, MI",30-Apr-10,"$1,650.00 ","$1,430.00 ",CF Bancorp,US
288,Mayaguez,PR,31027,Banco Popular de Puerto Rico,10231,"Westernbank Puerto Rico, Mayaguez, PR",30-Apr-10,"$11,940.00 ","$8,620.00 ",Westernbank Puerto Rico,US
289,Hato Rey,PR,32185,Scotiabank de Puerto Rico,10230,"R-G Premier Bank of Puerto Rico, Hato Rey, PR",30-Apr-10,"$5,920.00 ","$4,250.00 ",R-G Premier Bank of Puerto Rico,US
290,San Juan,PR,27150,Oriental Bank and Trust,10229,"Eurobank, San Juan, PR",30-Apr-10,"$2,560.00 ","$1,970.00 ",Eurobank,US
291,Naperville,IL,58429,Wheaton Bank & Trust,10224,"Wheatland Bank, Naperville, IL",23-Apr-10,$437.20 ,$438.50 ,Wheatland Bank,US
292,Peotone,IL,10888,First Midwest Bank,10223,"Peotone Bank and Trust Company, Peotone, IL",23-Apr-10,$130.20 ,$127.00 ,Peotone Bank and Trust Company,US
293,Chicago,IL,30600,Northbrook Bank & Trust Company,10221,"Lincoln Park Savings Bank, Chicago, IL",23-Apr-10,$199.90 ,$171.50 ,Lincoln Park Savings Bank,US
294,Chicago,IL,34821,"MB Financial Bank, N.A.",10222,"New Century Bank, Chicago, IL",23-Apr-10,$485.60 ,$492.00 ,New Century Bank,US
295,Chicago,IL,22853,"MB Financial Bank, N.A.",10219,"Broadway Bank, Chicago, IL",23-Apr-10,"$1,200.00 ","$1,100.00 ",Broadway Bank,US
296,Lynnwood,WA,21521,Whidbey Island Bank,10212,"City Bank, Lynnwood, WA",16-Apr-10,"$1,130.00 ","$1,020.00 ",City Bank,US
297,San Rafael,CA,33493,"Union Bank, N.A.",10217,"Tamalpais Bank, San Rafael, CA",16-Apr-10,$628.90 ,$487.60 ,Tamalpais Bank,US
298,Oakland,CA,23876,Center Bank,10214,"Innovative Bank, Oakland, CA",16-Apr-10,$268.90 ,$225.20 ,Innovative Bank,US
299,Lowell,MA,26619,People's United Bank,10211,"Butler Bank, Lowell, MA",16-Apr-10,$268.00 ,$233.20 ,Butler Bank,US
300,Fort Pierce,FL,24067,"TD Bank, N.A.",10216,"Riverside National Bank of Florida, Fort Pierce, FL",16-Apr-10,"$3,420.00 ","$2,760.00 ",Riverside National Bank of Florida,US
301,Clermont,FL,57724,"TD Bank, N.A.",10210,"AmericanFirst Bank, Clermont, FL",16-Apr-10,$90.50 ,$81.90 ,AmericanFirst Bank,US
302,Palatka,FL,28886,"TD Bank, N.A.",10213,"First Federal Bank of North Florida, Palatka, FL",16-Apr-10,$393.30 ,$324.20 ,First Federal Bank of North Florida,US
303,Sterling Heights,MI,34878,No Acquirer,10215,"Lakeside Community Bank, Sterling Heights, MI",16-Apr-10,$53.00 ,$52.30 ,Lakeside Community Bank,US
304,Myrtle Beach,SC,34242,Bank of North Carolina,10209,"Beach First National Bank, Myrtle Beach, SC",9-Apr-10,$585.10 ,$516.00 ,Beach First National Bank,US
305,Phoenix,AZ,57060,New York Community Bank,10205,"Desert Hills Bank, Phoenix, AZ",26-Mar-10,$496.60 ,$426.50 ,Desert Hills Bank,US
306,Cartersville,GA,34678,Bank of the Ozarks,10208,"Unity National Bank, Cartersville, GA",26-Mar-10,$292.20 ,$264.30 ,Unity National Bank,US
307,Key West,FL,34684,Centennial Bank,10206,"Key West Bank, Key West, FL",26-Mar-10,$88.00 ,$67.70 ,Key West Bank,US
308,Carrollton,GA,57399,CharterBank,10207,"McIntosh Commercial Bank, Carrollton, GA",26-Mar-10,$362.90 ,$343.30 ,McIntosh Commercial Bank,US
309,Aurora,MN,8221,Northern State Bank,10203,"State Bank of Aurora, Aurora, MN",19-Mar-10,$28.20 ,$27.80 ,State Bank of Aurora,US
310,Fort Deposit,AL,24957,First Citizens Bank,10204,"First Lowndes Bank, Fort Deposit, AL",19-Mar-10,$137.20 ,$131.10 ,First Lowndes Bank,US
311,Hiawassee,GA,10054,Citizens South Bank,10202,"Bank of Hiawassee, Hiawassee, GA",19-Mar-10,$377.80 ,$339.60 ,Bank of Hiawassee,US
312,Ellijay,GA,33989,Community & Southern Bank,10199,"Appalachian Community Bank, Ellijay, GA",19-Mar-10,"$1,010.00 ",$917.60 ,Appalachian Community Bank,US
313,Draper,UT,33535,No Acquirer,10200,"Advanta Bank Corp., Draper, UT",19-Mar-10,"$1,600.00 ","$1,500.00 ",Advanta Bank Corp.,US
314,Duluth,GA,58104,Bank of Upson,10198,"Century Security Bank, Duluth, GA",19-Mar-10,$96.50 ,$94.00 ,Century Security Bank,US
315,Parma,OH,18806,The National Bank and Trust Company,10201,"American National Bank, Parma, OH",19-Mar-10,$70.30 ,$66.80 ,American National Bank,US
316,Covington,LA,29561,Home Bank,10196,"Statewide Bank, Covington, LA",12-Mar-10,$243.20 ,$208.80 ,Statewide Bank,US
317,Orlando,FL,58182,Centennial Bank,10197,"Old Southern Bank, Orlando, FL",12-Mar-10,$315.60 ,$319.70 ,Old Southern Bank,US
318,New York,NY,58071,Valley National Bank,10194,"LibertyPointe Bank, New York, NY",11-Mar-10,$209.70 ,$209.50 ,LibertyPointe Bank,US
319,Ogden,UT,34430,No Acquirer,10193,"Centennial Bank, Ogden, UT",5-Mar-10,$215.20 ,$205.10 ,Centennial Bank,US
320,Germantown,MD,34976,No Acquirer,10190,"Waterfield Bank, Germantown, MD",5-Mar-10,$155.60 ,$156.40 ,Waterfield Bank,US
321,Normal,IL,9268,Heartland Bank and Trust Company,10191,"Bank of Illinois, Normal, IL",5-Mar-10,$211.70 ,$198.50 ,Bank of Illinois,US
322,Boca Raton,FL,27126,First-Citizens Bank & Trust Company,10192,"Sun American Bank, Boca Raton, FL",5-Mar-10,$535.70 ,$443.50 ,Sun American Bank,US
323,Tacoma,WA,38129,Umpqua Bank,10189,"Rainier Pacific Bank, Tacoma, WA",26-Feb-10,$717.80 ,$446.20 ,Rainier Pacific Bank,US
324,Carson City,NV,58352,Heritage Bank of Nevada,10188,"Carson River Community Bank, Carson City, NV",26-Feb-10,$51.10 ,$50.00 ,Carson River Community Bank,US
325,Orland Park,IL,29952,"FirstMerit Bank, N.A.",10184,"George Washington Savings Bank, Orland Park, IL",19-Feb-10,$412.80 ,$395.30 ,George Washington Savings Bank,US
326,La Coste,TX,3287,Community National Bank,10186,"The La Coste National Bank, La Coste, TX",19-Feb-10,$53.90 ,$49.30 ,The La Coste National Bank,US
327,Marco Island,FL,57586,Mutual of Omaha Bank,10187,"Marco Community Bank, Marco Island, FL",19-Feb-10,$119.60 ,$117.10 ,Marco Community Bank,US
328,Hancock,MN,15448,"Community Development Bank, FSB",10183,"1st American State Bank of Minnesota, Hancock, MN",5-Feb-10,$18.20 ,$16.30 ,1st American State Bank of Minnesota,US
329,Bainbridge Island,WA,16730,Columbia State Bank,10178,"American Marine Bank, Bainbridge Island, WA",29-Jan-10,$373.20 ,$308.50 ,American Marine Bank,US
330,Los Angeles,CA,23011,First-Citizens Bank & Trust Company,10177,"First Regional Bank, Los Angeles, CA",29-Jan-10,"$2,180.00 ","$1,870.00 ",First Regional Bank,US
331,Cornelia,GA,5702,SCBT National Association,10180,"Community Bank and Trust, Cornelia, GA",29-Jan-10,"$1,210.00 ","$1,110.00 ",Community Bank and Trust,US
332,Immokalee,FL,5672,"Premier American Bank, N.A.",10181,"Florida Community Bank, Immokalee, FL",29-Jan-10,$875.50 ,$795.50 ,Florida Community Bank,US
333,Carrollton,GA,16480,Community & Southern Bank,10179,"First National Bank of Georgia, Carrollton, GA",29-Jan-10,$832.60 ,$757.90 ,First National Bank of Georgia,US
334,The Dalles,OR,22469,Columbia State Bank,10176,"Columbia River Bank, The Dalles, OR",22-Jan-10,"$1,100.00 ","$1,000.00 ",Columbia River Bank,US
335,Seattle,WA,20501,Umpqua Bank,10172,"Evergreen Bank, Seattle, WA",22-Jan-10,$488.50 ,$439.40 ,Evergreen Bank,US
336,Santa Fe,NM,32498,Charter Bank,10175,"Charter Bank, Santa Fe, NM",22-Jan-10,"$1,200.00 ",$851.50 ,Charter Bank,US
337,Leeton,MO,8265,"Sunflower Bank, N.A.",10174,"Bank of Leeton, Leeton, MO",22-Jan-10,$20.10 ,$20.40 ,Bank of Leeton,US
338,Miami,FL,57147,"Premier American Bank, N.A.",10173,"Premier American Bank, Miami, FL",22-Jan-10,$350.90 ,$326.30 ,Premier American Bank,US
339,Kaysville,UT,1252,No Acquirer,10171,"Barnes Banking Company, Kaysville, UT",15-Jan-10,$827.80 ,$786.50 ,Barnes Banking Company,US
340,St. Stephen,MN,17522,First State Bank of St. Joseph,10169,"St. Stephen State Bank, St. Stephen, MN",15-Jan-10,$24.70 ,$23.40 ,St. Stephen State Bank,US
341,Bellingham,WA,22977,Washington Federal Savings and Loan Association,10168,"Horizon Bank, Bellingham, WA",8-Jan-10,"$1,300.00 ","$1,100.00 ",Horizon Bank,US
342,La Jolla,CA,26348,City National Bank,10161,"Imperial Capital Bank, La Jolla, CA",18-Dec-09,"$4,000.00 ","$2,800.00 ",Imperial Capital Bank,US
343,Springfield,IL,26820,The Independent BankersBank (TIB),10166,"Independent Bankers' Bank, Springfield, IL",18-Dec-09,$585.50 ,$511.50 ,Independent Bankers' Bank,US
344,Irondale,AL,32276,Beal Bank,10163,"New South Federal Savings Bank, Irondale, AL",18-Dec-09,"$1,500.00 ","$1,200.00 ",New South Federal Savings Bank,US
345,New Baltimore,MI,1006,No Acquirer,10162,"Citizens State Bank, New Baltimore, MI",18-Dec-09,$168.60 ,$157.10 ,Citizens State Bank,US
346,Panama City,FL,32167,Hancock Bank,10165,"Peoples First Community Bank, Panama City, FL",18-Dec-09,"$1,800.00 ","$1,700.00 ",Peoples First Community Bank,US
347,Atlanta,GA,58315,No Acquirer,10164,"RockBridge Commercial Bank, Atlanta, GA",18-Dec-09,$294.00 ,$291.70 ,RockBridge Commercial Bank,US
348,Overland Park,KS,4731,Arvest Bank,10160,"SolutionsBank, Overland Park, KS",11-Dec-09,$511.10 ,$421.30 ,SolutionsBank,US
349,Reston,VA,32583,Sonabank,10156,"Greater Atlantic Bank, Reston, VA",4-Dec-09,$203.00 ,$179.00 ,Greater Atlantic Bank,US
350,Aurora,IL,10440,"MB Financial Bank, N.A.",10154,"Benchmark Bank, Aurora, IL",4-Dec-09,$170.00 ,$181.00 ,Benchmark Bank,US
351,Cleveland,OH,29776,New York Community Bank,10155,"AmTrust Bank, Cleveland, OH",4-Dec-09,"$12,000.00 ","$8,000.00 ",AmTrust Bank,US
352,Reidsville,GA,12080,Heritage Bank of the South,10153,"The Tattnall Bank, Reidsville, GA",4-Dec-09,$49.60 ,$47.30 ,The Tattnall Bank,US
353,Norcross,GA,26290,State Bank and Trust Company,10157,"First Security National Bank, Norcross, GA",4-Dec-09,$128.00 ,$123.00 ,First Security National Bank,US
354,Atlanta,GA,34663,State Bank and Trust Company,10152,"The Buckhead Community Bank, Atlanta, GA",4-Dec-09,$874.00 ,$838.00 ,The Buckhead Community Bank,US
355,Fort Myers,FL,58016,Central Bank,10151,"Commerce Bank of Southwest Florida, Fort Myers, FL",20-Nov-09,$79.70 ,$76.70 ,Commerce Bank of Southwest Florida,US
356,San Clemente,CA,57914,Sunwest Bank,10150,"Pacific Coast National Bank, San Clemente, CA",13-Nov-09,$134.40 ,$130.90 ,Pacific Coast National Bank,US
357,Naples,FL,22427,IBERIABANK,10149,"Orion Bank, Naples, FL",13-Nov-09,"$2,700.00 ","$2,100.00 ",Orion Bank,US
358,San Francisco,CA,32469,East West Bank,10147,"United Commercial Bank, San Francisco, CA",6-Nov-09,"$11,200.00 ","$7,500.00 ",United Commercial Bank,US
359,St. Louis,MO,19450,Central Bank of Kansas City,10146,"Gateway Bank of St. Louis, St. Louis, MO",6-Nov-09,$27.70 ,$27.90 ,Gateway Bank of St. Louis,US
360,Oakdale,MN,35074,"Alerus Financial, N.A.",10143,"Prosperan Bank, Oakdale, MN",6-Nov-09,$199.50 ,$175.60 ,Prosperan Bank,US
361,Detroit,MI,30329,Liberty Bank and Trust Company,10144,"Home Federal Savings Bank, Detroit, MI",6-Nov-09,$14.90 ,$12.80 ,Home Federal Savings Bank,US
362,Sparta,GA,22286,Ameris Bank,10145,"United Security Bank, Sparta, GA",6-Nov-09,$157.00 ,$150.00 ,United Security Bank,US
363,Houston,TX,18776,U.S. Bank N.A.,10138,"North Houston Bank, Houston, TX",30-Oct-09,$326.20 ,$308.00 ,North Houston Bank,US
364,Madisonville,TX,33782,U.S. Bank N.A.,10142,"Madisonville State Bank, Madisonville, TX",30-Oct-09,$256.70 ,$225.20 ,Madisonville State Bank,US
365,Teague,TX,25222,U.S. Bank N.A.,10141,"Citizens National Bank, Teague, TX",30-Oct-09,$118.20 ,$97.70 ,Citizens National Bank,US
366,Chicago,IL,11677,U.S. Bank N.A.,10140,"Park National Bank, Chicago, IL",30-Oct-09,"$4,706.10 ","$3,730.90 ",Park National Bank,US
367,San Francisco,CA,30006,U.S. Bank N.A.,10139,"Pacific National Bank, San Francisco, CA",30-Oct-09,"$2,335.30 ","$1,762.80 ",Pacific National Bank,US
368,Los Angeles,CA,34659,U.S. Bank N.A.,10134,"California National Bank, Los Angeles, CA",30-Oct-09,"$7,792.20 ","$6,160.40 ",California National Bank,US
369,San Diego,CA,23594,U.S. Bank N.A.,10135,"San Diego National Bank, San Diego, CA",30-Oct-09,"$3,608.10 ","$2,892.40 ",San Diego National Bank,US
370,Lemont,IL,35291,U.S. Bank N.A.,10137,"Community Bank of Lemont, Lemont, IL",30-Oct-09,$81.80 ,$81.20 ,Community Bank of Lemont,US
371,Westmont,IL,35038,First Midwest Bank,10128,"First DuPage Bank, Westmont, IL",23-Oct-09,$279.00 ,$254.00 ,First DuPage Bank,US
372,Otsego,MN,57525,Central Bank,10133,"Riverview Community Bank, Otsego, MN",23-Oct-09,$108.00 ,$80.00 ,Riverview Community Bank,US
373,Racine,WI,18321,Tri City National Bank,10132,"Bank of Elmwood, Racine, WI",23-Oct-09,$327.40 ,$273.20 ,Bank of Elmwood,US
374,Bradenton,FL,35044,First Federal Bank of Florida,10129,"Flagship National Bank, Bradenton, FL",23-Oct-09,$190.00 ,$175.00 ,Flagship National Bank,US
375,Naples,FL,58336,Stonegate Bank,10131,"Hillcrest Bank Florida, Naples, FL",23-Oct-09,$83.00 ,$84.00 ,Hillcrest Bank Florida,US
376,Lawrenceville,GA,57794,Ameris Bank,10127,"American United Bank, Lawrenceville, GA",23-Oct-09,$111.00 ,$101.00 ,American United Bank,US
377,Naples,FL,57959,Stonegate Bank,10130,"Partners Bank, Naples, FL",23-Oct-09,$65.50 ,$64.90 ,Partners Bank,US
378,Bakersfield,CA,23266,Citizens Business Bank,10126,"San Joaquin Bank, Bakersfield, CA",16-Oct-09,$775.00 ,$631.00 ,San Joaquin Bank,US
379,Pueblo,CO,57263,Legacy Bank,10123,"Southern Colorado National Bank, Pueblo, CO",2-Oct-09,$39.50 ,$31.90 ,Southern Colorado National Bank,US
380,Spring Grove,MN,11416,Central Bank,10124,"Jennings State Bank, Spring Grove, MN",2-Oct-09,$56.30 ,$52.40 ,Jennings State Bank,US
381,Warren,MI,34824,The Huntington National Bank,10125,"Warren Bank, Warren, MI",2-Oct-09,$538.00 ,$501.00 ,Warren Bank,US
382,Atlanta,GA,57151,"First Citizens Bank and Trust Company, Inc.",10122,"Georgian Bank, Atlanta, GA",25-Sep-09,"$2,000.00 ","$2,000.00 ",Georgian Bank,US
383,Columbus,IN,10100,"First Financial Bank, N.A.",10120,"Irwin Union Bank and Trust Company, Columbus, IN",18-Sep-09,"$2,700.00 ","$2,100.00 ",Irwin Union Bank and Trust Company,US
384,Lacey,WA,22868,First-Citizens Bank & Trust Company,10119,"Venture Bank, Lacey, WA",11-Sep-09,$970.00 ,$903.00 ,Venture Bank,US
385,Woodbury,MN,57736,CorTrust Bank N.A.,10118,"Brickwell Community Bank, Woodbury, MN",11-Sep-09,$72.00 ,$63.00 ,Brickwell Community Bank,US
386,Flagstaff,AZ,34875,Sunwest Bank,10114,"First State Bank, Flagstaff, AZ",4-Sep-09,$105.00 ,$95.00 ,First State Bank,US
387,Rolling Meadows,IL,35030,No Acquirer,10115,"Platinum Community Bank, Rolling Meadows, IL",4-Sep-09,$345.60 ,$305.00 ,Platinum Community Bank,US
388,Sioux City,IA,27732,Great Southern Bank,10116,"Vantus Bank, Sioux City, IA",4-Sep-09,$458.00 ,$368.00 ,Vantus Bank,US
389,Oak Forest,IL,20203,"MB Financial Bank, N.A.",10113,"InBank, Oak Forest, IL",4-Sep-09,$212.00 ,$199.00 ,InBank,US
390,Kansas City,MO,25231,Great American Bank,10112,"First Bank of Kansas City, Kansas City, MO",4-Sep-09,$16.00 ,$15.00 ,First Bank of Kansas City,US
391,Ventura,CA,27197,Pacific Western Bank,10110,"Affinity Bank, Ventura, CA",28-Aug-09,"$1,000.00 ",$922.00 ,Affinity Bank,US
392,Forest Lake,MN,1909,Central Bank,10111,"Mainstreet Bank, Forest Lake, MN",28-Aug-09,$459.00 ,$434.00 ,Mainstreet Bank,US
393,Baltimore,MD,28312,Manufacturers and Traders Trust Company (M&T Bank),10109,"Bradford Bank, Baltimore, MD",28-Aug-09,$452.00 ,$383.00 ,Bradford Bank,US
394,Austin,TX,32618,BBVA Compass,10105,"Guaranty Bank, Austin, TX",21-Aug-09,"$13,000.00 ","$12,000.00 ",Guaranty Bank,US
395,Birmingham,AL,22130,IBERIABANK,10106,"CapitalSouth Bank, Birmingham, AL",21-Aug-09,$617.00 ,$546.00 ,CapitalSouth Bank,US
396,Newnan,GA,57702,United Bank,10108,"First Coweta Bank, Newnan, GA",21-Aug-09,$167.00 ,$155.00 ,First Coweta Bank,US
397,Atlanta,GA,34682,"Stearns Bank, N.A.",10107,"ebank, Atlanta, GA",21-Aug-09,$143.00 ,$130.00 ,ebank,US
398,Las Vegas,NV,34043,No Acquirer,10100,"Community Bank of Nevada, Las Vegas, NV",14-Aug-09,"$1,520.00 ","$1,380.00 ",Community Bank of Nevada,US
399,Phoenix,AZ,57645,MidFirst Bank,10101,"Community Bank of Arizona, Phoenix, AZ",14-Aug-09,$158.50 ,$143.80 ,Community Bank of Arizona,US
400,Montgomery,AL,9609,"Branch Banking & Trust Company, (BB&T)",10103,"Colonial Bank, Montgomery, AL",14-Aug-09,"$25,000.00 ","$20,000.00 ",Colonial Bank,US
401,Pittsburgh,PA,31559,"PNC Bank, N.A.",10104,"Dwelling House Savings and Loan Association, Pittsburgh, PA",14-Aug-09,$13.40 ,$13.80 ,Dwelling House Savings and Loan Association,US
402,Prineville,OR,23268,Home Federal Bank,10092,"Community First Bank, Prineville, OR",7-Aug-09,$209.00 ,$182.00 ,Community First Bank,US
403,Venice,FL,27183,"Stearns Bank, N.A.",10099,"Community National Bank of Sarasota County, Venice, FL",7-Aug-09,$97.00 ,$93.00 ,Community National Bank of Sarasota County,US
404,Sarasota,FL,27364,"Stearns Bank, N.A.",10098,"First State Bank, Sarasota, FL",7-Aug-09,$463.00 ,$387.00 ,First State Bank,US
405,Harvey,IL,18659,United Central Bank,10094,"Mutual Bank, Harvey, Illinois",31-Jul-09,"$1,600.00 ","$1,600.00 ",Mutual Bank,US
406,Elizabeth,NJ,34270,Crown Bank,10097,"First BankAmericano, Elizabeth, NJ",31-Jul-09,$166.00 ,$157.00 ,First BankAmericano,US
407,West Chester,OH,32288,"First Financial Bank, N.A.",10096,"Peoples Community Bank, West Chester, OH",31-Jul-09,$705.80 ,$598.20 ,Peoples Community Bank,US
408,Jupiter,FL,57604,Stonegate Bank,10095,"Integrity Bank, Jupiter, FL",31-Jul-09,$119.00 ,$102.00 ,Integrity Bank,US
409,Altus,OK,9873,Herring Bank,10093,"First State Bank of Altus, Altus, OK",31-Jul-09,$103.40 ,$98.20 ,First State Bank of Altus,US
410,Gray,GA,8486,State Bank and Trust Company,10088,"Security Bank of Jones County, Gray, GA",24-Jul-09,$453.00 ,$387.00 ,Security Bank of Jones County,US
411,Perry,GA,27048,State Bank and Trust Company,10087,"Security Bank of Houston County, Perry, GA",24-Jul-09,$383.00 ,$320.00 ,Security Bank of Houston County,US
412,Macon,GA,27367,State Bank and Trust Company,10085,"Security Bank of Bibb County, Macon, GA",24-Jul-09,"$1,200.00 ","$1,000.00 ",Security Bank of Bibb County,US
413,Woodstock,GA,57105,State Bank and Trust Company,10090,"Security Bank of North Metro, Woodstock, GA",24-Jul-09,$224.00 ,$212.00 ,Security Bank of North Metro,US
414,Alpharetta,GA,57430,State Bank and Trust Company,10089,"Security Bank of North Fulton, Alpharetta, GA",24-Jul-09,$209.00 ,$191.00 ,Security Bank of North Fulton,US
415,Suwanee,GA,57346,State Bank and Trust Company,10086,"Security Bank of Gwinnett County, Suwanee, GA",24-Jul-09,$322.00 ,$292.00 ,Security Bank of Gwinnett County,US
416,Williamsville,NY,58065,"Evans Bank, N.A.",10091,"Waterford Village Bank, Williamsville, NY",24-Jul-09,$61.40 ,$58.00 ,Waterford Village Bank,US
417,Temecula,CA,34341,First-Citizens Bank & Trust Company,10082,"Temecula Valley Bank, Temecula, CA",17-Jul-09,"$1,500.00 ","$1,300.00 ",Temecula Valley Bank,US
418,Rancho Cucamonga,CA,23556,California Bank & Trust,10083,"Vineyard Bank, National Association, Rancho Cucamonga, CA",17-Jul-09,"$1,900.00 ","$1,600.00 ",Vineyard Bank,US
419,Sioux Falls,SD,34103,"Alerus Financial, N.A.",10081,"BankFirst, Sioux Falls, SD",17-Jul-09,$275.00 ,$254.00 ,BankFirst,US
420,Winder,GA,34594,First American Bank and Trust Company,10084,"First Piedmont Bank, Winder, GA",17-Jul-09,$115.00 ,$109.00 ,First Piedmont Bank,US
421,Thermopolis,WY,22754,Central Bank & Trust,10080,"Bank of Wyoming, Thermopolis, WY",10-Jul-09,$70.00 ,$67.00 ,Bank of Wyoming,US
422,Worth,IL,18390,The PrivateBank and Trust Company,10074,"Founders Bank, Worth, IL",2-Jul-09,$962.50 ,$848.90 ,Founders Bank,US
423,Dallas,TX,57667,State Bank of Texas,10079,"Millennium State Bank of Texas, Dallas, TX",2-Jul-09,$118.00 ,$115.00 ,Millennium State Bank of Texas,US
424,Elizabeth,IL,9262,Galena State Bank and Trust Company,10073,"The Elizabeth State Bank, Elizabeth, IL",2-Jul-09,$55.50 ,$50.40 ,The Elizabeth State Bank,US
425,Oregon,IL,15302,The Harvard State Bank,10075,"Rock River Bank, Oregon, IL",2-Jul-09,$77.00 ,$75.80 ,Rock River Bank,US
426,Los Angeles,CA,57332,Wilshire State Bank,10072,"Mirae Bank, Los Angeles, CA",26-Jun-09,$456.00 ,$362.00 ,Mirae Bank,US
427,Irvine,CA,57893,Sunwest Bank,10071,"MetroPacific Bank, Irvine, CA",26-Jun-09,$80.00 ,$73.00 ,MetroPacific Bank,US
428,Pine City,MN,9744,"Stearns Bank, N.A.",10070,"Horizon Bank, Pine City, MN",26-Jun-09,$87.60 ,$69.40 ,Horizon Bank,US
429,Newnan,GA,35285,CharterBank,10069,"Neighborhood Community Bank, Newnan, GA",26-Jun-09,$221.60 ,$191.30 ,Neighborhood Community Bank,US
430,Villa Rica,GA,57436,No Acquirer,10068,"Community Bank of West Georgia, Villa Rica, GA",26-Jun-09,$199.40 ,$182.50 ,Community Bank of West Georgia,US
431,Anthony,KS,4614,Bank of Kansas,10066,"First National Bank of Anthony, Anthony, KS",19-Jun-09,$156.90 ,$142.50 ,First National Bank of Anthony,US
432,Wilmington,NC,27837,First Bank,10065,"Cooperative Bank, Wilmington, NC",19-Jun-09,$970.00 ,$774.00 ,Cooperative Bank,US
433,Fayetteville,GA,35251,United Community Bank,10067,"Southern Community Bank, Fayetteville, GA",19-Jun-09,$377.00 ,$307.00 ,Southern Community Bank,US
434,Lincolnwood,IL,17309,Republic Bank of Chicago,10064,"Bank of Lincolnwood, Lincolnwood, IL",5-Jun-09,$214.00 ,$202.00 ,Bank of Lincolnwood,US
435,Macomb,IL,5757,Morton Community Bank,10063,"Citizens National Bank, Macomb, IL",22-May-09,$437.00 ,$400.00 ,Citizens National Bank,US
436,Champaign,IL,35175,Midland States Bank,10062,"Strategic Capital Bank, Champaign, IL",22-May-09,$537.00 ,$471.00 ,Strategic Capital Bank,US
437,Bremerton,WA,34843,Kitsap Bank,10060,"Westsound Bank, Bremerton, WA",8-May-09,$334.60 ,$304.50 ,Westsound Bank,US
438,Layton,UT,35461,Cache Valley Bank,10057,"America West Bank, Layton, UT",1-May-09,$299.40 ,$284.10 ,America West Bank,US
439,Ridgewood,NJ,57563,North Jersey Community Bank,10058,"Citizens Community Bank, Ridgewood, NJ",1-May-09,$45.10 ,$43.70 ,Citizens Community Bank,US
440,Ketchum,ID,34396,"U.S. Bank, N.A.",10055,"First Bank of Idaho, Ketchum, ID",24-Apr-09,$488.90 ,$374.00 ,First Bank of Idaho,US
441,Calabasas,CA,32069,No Acquirer,10054,"First Bank of Beverly Hills, Calabasas, CA",24-Apr-09,"$1,500.00 ","$1,000.00 ",First Bank of Beverly Hills,US
442,Farmington Hills,MI,34369,Level One Bank,10056,"Michigan Heritage Bank, Farmington Hills, MI",24-Apr-09,$184.60 ,$151.70 ,Michigan Heritage Bank,US
443,Kennesaw,GA,57943,Bank of North Georgia,10053,"American Southern Bank, Kennesaw, GA",24-Apr-09,$112.30 ,$104.30 ,American Southern Bank,US
444,Elko,NV,33824,Nevada State Bank,10051,"Great Basin Bank of Nevada, Elko, NV",17-Apr-09,$270.90 ,$221.40 ,Great Basin Bank of Nevada,US
445,Sugar Creek,MO,8266,Metcalf Bank,10052,"American Sterling Bank, Sugar Creek, MO",17-Apr-09,$181.00 ,$171.90 ,American Sterling Bank,US
446,Greeley,CO,34881,No Acquirer,10050,"New Frontier Bank, Greeley, CO",10-Apr-09,"$2,000.00 ","$1,500.00 ",New Frontier Bank,US
447,Wilmington,NC,34639,First Federal Savings and Loan Association,10049,"Cape Fear Bank, Wilmington, NC",10-Apr-09,$492.00 ,$403.00 ,Cape Fear Bank,US
448,Atlanta,GA,22238,No Acquirer,10048,"Omni National Bank, Atlanta, GA",27-Mar-09,$956.00 ,$796.80 ,Omni National Bank,US
449,Colorado Springs,CO,18896,Herring Bank,10045,"Colorado National Bank, Colorado Springs, CO",20-Mar-09,$123.50 ,$82.70 ,Colorado National Bank,US
450,Stockbridge,GA,18243,No Acquirer,10047,"FirstCity Bank, Stockbridge, GA",20-Mar-09,$297.00 ,$278.00 ,FirstCity Bank,US
451,Commerce,GA,57558,Northeast Georgia Bank,10044,"Freedom Bank of Georgia, Commerce, GA",6-Mar-09,$173.00 ,$161.00 ,Freedom Bank of Georgia,US
452,Henderson,NV,34820,Bank of Nevada,10043,"Security Savings Bank, Henderson, NV",27-Feb-09,$238.30 ,$175.20 ,Security Savings Bank,US
453,Glenwood,IL,20078,"MB Financial Bank, N.A.",10042,"Heritage Community Bank, Glenwood, IL",27-Feb-09,$232.90 ,$218.60 ,Heritage Community Bank,US
454,Silverton,OR,35399,Citizens Bank,10041,"Silver Falls Bank, Silverton, OR",20-Feb-09,$131.40 ,$116.30 ,Silver Falls Bank,US
455,Cape Coral,FL,34563,TIB Bank,10038,"Riverside Bank of the Gulf Coast, Cape Coral, FL",13-Feb-09,$539.00 ,$424.00 ,Riverside Bank of the Gulf Coast,US
456,Loup City,NE,5431,Heritage Bank,10039,"Sherman County Bank, Loup City, NE",13-Feb-09,$129.80 ,$85.10 ,Sherman County Bank,US
457,Merced,CA,22574,Westamerica Bank,10034,"County Bank, Merced, CA",6-Feb-09,"$1,700.00 ","$1,300.00 ",County Bank,US
458,Culver City,CA,23124,California Bank & Trust,10035,"Alliance Bank, Culver City, CA",6-Feb-09,"$1,140.00 ",$951.00 ,Alliance Bank,US
459,McDonough,GA,57017,Regions Bank,10036,"FirstBank Financial Services, McDonough, GA",6-Feb-09,$337.00 ,$279.00 ,FirstBank Financial Services,US
460,Ocala,FL,26538,"CenterState Bank of Florida, N.A.",10032,"Ocala National Bank, Ocala, FL",30-Jan-09,$223.50 ,$205.20 ,Ocala National Bank,US
461,Salt Lake City,UT,58001,No Acquirer,10031,"MagnetBank, Salt Lake City, UT",30-Jan-09,$292.90 ,$282.80 ,MagnetBank,US
462,Redlands,CA,33025,First California Bank,10030,"1st Centennial Bank, Redlands, CA",23-Jan-09,$803.30 ,$676.90 ,1st Centennial Bank,US
463,Vancouver,WA,34959,Umpqua Bank,10029,"Bank of Clark County, Vancouver, WA",16-Jan-09,$446.50 ,$366.50 ,Bank of Clark County,US
464,Berkeley,IL,19733,Republic Bank of Chicago,10028,"National Bank of Commerce, Berkeley, IL",16-Jan-09,$430.90 ,$402.10 ,National Bank of Commerce,US
465,Sanderson,TX,11568,The Pecos County State Bank,10026,"Sanderson State Bank, Sanderson, TX",12-Dec-08,$37.00 ,$27.90 ,Sanderson State Bank,US
466,Duluth,GA,35379,"Branch Banking & Trust Company, (BB&T)",10027,"Haven Trust Bank, Duluth, GA",12-Dec-08,$572.00 ,$515.00 ,Haven Trust Bank,US
467,Jackson,GA,34301,United Bank,10025,"First Georgia Community Bank, Jackson, GA",5-Dec-08,$237.50 ,$197.40 ,First Georgia Community Bank,US
468,Loganville,GA,16490,Bank of Essex,10022,"Community Bank, Loganville, GA",21-Nov-08,$681.00 ,$611.40 ,Community Bank,US
469,Los Angeles,CA,23595,Pacific Western Bank,10020,"Security Pacific Bank, Los Angeles, CA",7-Nov-08,$561.10 ,$450.10 ,Security Pacific Bank,US
470,Bradenton,FL,57930,Fifth Third Bank,10019,"Freedom Bank, Bradenton, FL",31-Oct-08,$287.00 ,$254.00 ,Freedom Bank,US
471,Alpharetta,GA,58241,"Stearns Bank, N.A.",10018,"Alpha Bank & Trust, Alpharetta, GA",24-Oct-08,$354.10 ,$346.20 ,Alpha Bank & Trust,US
472,Eldred,IL,13789,National Bank,10017,"Meridian Bank, Eldred, IL",10-Oct-08,$39.20 ,$36.90 ,Meridian Bank,US
473,Northville,MI,57654,Monroe Bank & Trust,10016,"Main Street Bank, Northville, MI",10-Oct-08,$98.00 ,$86.00 ,Main Street Bank,US
474,Northfork,WV,6782,"The Citizens Savings Bank ********** Pioneer Community Bank, Inc.",10014,"Ameribank, Inc., Northfork, WV",19-Sep-08,$115.00 ,$102.00 ,Ameribank,US
475,Henderson,NV,34194,Nevada State Bank,10013,"Silver State Bank, Henderson, NV",5-Sep-08,"$2,000.00 ","$1,700.00 ",Silver State Bank,US
476,Alpharetta,GA,35469,Regions Bank,10012,"Integrity Bank, Alpharetta, GA",29-Aug-08,"$1,100.00 ",$974.00 ,Integrity Bank,US
477,Bradenton,FL,57523,SunTrust Bank,10010,"First Priority Bank, Bradenton, FL",1-Aug-08,$259.00 ,$227.00 ,First Priority Bank,US
478,Reno,NV,27011,Mutual of Omaha Bank,10008,"First National Bank of Nevada, Reno, NV",25-Jul-08,"$3,400.00 ","$3,000.00 ",First National Bank of Nevada,US
479,Pasadena,CA,29730,"OneWest Bank, FSB",10007,"IndyMac Bank, F.S.B., Pasadena, CA",11-Jul-08,"$32,010.00 ","$19,060.00 ",IndyMac Bank,US
480,Hume,MO,1971,Security Bank,10004,"Hume Bank, Hume, MO",7-Mar-08,$18.70 ,$13.60 ,Hume Bank,US
481,Kansas City,MO,24660,Liberty Bank and Trust Company,10003,"Douglass National Bank, Kansas City, MO",25-Jan-08,$58.50 ,$53.80 ,Douglass National Bank,US
482,Lakeview,OH,16848,The Citizens Banking Company,10002,"Miami Valley Bank, Lakeview, OH",4-Oct-07,$86.70 ,$76.00 ,Miami Valley Bank,US
483,Alpharetta,GA,32575,ING DIRECT,10001,"NetBank, Alpharetta, GA",28-Sep-07,"$2,500.00 ","$2,300.00 ",NetBank,US
484,Ephraim,UT,1249,Far West Bank,4665,"Bank of Ephraim, Ephraim, UT",25-Jun-04,$46.40 ,$45.20 ,Bank of Ephraim,US
485,White Plains,NY,26778,Union State Bank,4664,"Reliance Bank, White Plains, NY",19-Mar-04,$30.30 ,$28.00 ,Reliance Bank,US
486,Tallahassee,FL,26838,Hancock Bank of Florida,4663,"Guaranty National Bank of Tallahassee, Tallahassee, FL",12-Mar-04,$74.10 ,$66.90 ,Guaranty National Bank of Tallahassee,US
487,Philadelphia,PA,27203,Earthstar Bank,4662,"Pulaski Savings Bank, Philadelphia, PA",14-Nov-03,$10.20 ,$9.20 ,Pulaski Savings Bank,US
488,Blanchardville,WI,11639,The Park Bank,4661,"First National Bank of Blanchardville, Blanchardville, WI",9-May-03,$35.00 ,$29.00 ,First National Bank of Blanchardville,US
489,Torrance,CA,27094,Beal Bank,4660,"Southern Pacific Bank, Torrance, CA",7-Feb-03,"$1,000.00 ",$864.70 ,Southern Pacific Bank,US
490,Alamo,TN,9961,No Acquirer,4658,"Bank of Alamo, Alamo, TN",8-Nov-02,$69.40 ,$55.30 ,Bank of Alamo,US
491,Atlanta,GA,33784,No Acquirer,4657,"AmTrade International Bank, Atlanta, GA",30-Sep-02,$12.00 ,$10.20 ,AmTrade International Bank,US
492,Chicago,IL,29355,Chicago Community Bank,6005,"Universal Federal Savings Bank, Chicago, IL",27-Jun-02,$51.60 ,$40.00 ,Universal Federal Savings Bank,US
493,Stamford,CT,19183,Hudson United Bank,4656,"Connecticut Bank of Commerce, Stamford, CT",26-Jun-02,$398.60 ,$323.70 ,Connecticut Bank of Commerce,US
494,Shelby Township,MI,34979,No Acquirer,4655,"New Century Bank, Shelby Township, MI",28-Mar-02,$19.00 ,$18.00 ,New Century Bank,US
495,Boca Raton,FL,26652,Bank Leumi USA,4654,"Net 1st National Bank, Boca Raton, FL",1-Mar-02,$34.70 ,$23.90 ,Net 1st National Bank,US
496,Sierra Blanca,TX,22002,The Security State Bank of Pecos,4651,"Bank of Sierra Blanca, Sierra Blanca, Texas",18-Jan-02,$10.80 ,$9.80 ,Bank of Sierra Blanca,US
497,Gravette,AR,34248,Delta Trust & Bank,4649,"Sinclair National Bank, Gravette, AR",7-Sep-01,$30.70 ,$25.70 ,Sinclair National Bank,US
